{"cameraMode":{"drawMode":0,"name":"Shaded","section":"Shading Mode"},"sceneLighting":true,"audioPlay":false,"sceneViewState":{"m_AlwaysRefresh":false,"showFog":true,"showSkybox":true,"showFlares":true,"showImageEffects":true,"showParticleSystems":true,"showVisualEffectGraphs":true,"m_FxEnabled":true},"in2DMode":false,"pivot":{"x":17.218585968017579,"y":19.046295166015626,"z":19.974578857421876},"rotation":{"x":0.3786303699016571,"y":0.3261513411998749,"z":-0.14460109174251557,"w":0.8540164828300476},"size":6.3036956787109379,"orthographic":false}