{"cameraMode":{"drawMode":0,"name":"Shaded","section":"Shading Mode"},"sceneLighting":true,"audioPlay":false,"sceneViewState":{"m_AlwaysRefresh":false,"showFog":true,"showSkybox":true,"showFlares":true,"showImageEffects":true,"showParticleSystems":true,"showVisualEffectGraphs":true,"m_FxEnabled":true},"in2DMode":false,"pivot":{"x":14.283503532409668,"y":14.798178672790528,"z":19.116533279418947},"rotation":{"x":0.4035164713859558,"y":-0.5136710405349731,"z":0.2977432310581207,"w":0.6961604952812195},"size":3.2660253047943117,"orthographic":false}