{"cameraMode":{"drawMode":0,"name":"Shaded","section":"Shading Mode"},"sceneLighting":true,"audioPlay":false,"sceneViewState":{"m_AlwaysRefresh":false,"showFog":true,"showSkybox":true,"showFlares":true,"showImageEffects":true,"showParticleSystems":true,"showVisualEffectGraphs":true,"m_FxEnabled":true},"in2DMode":false,"pivot":{"x":33.481727600097659,"y":2.544989585876465,"z":32.93302536010742},"rotation":{"x":0.23781956732273103,"y":0.5632771849632263,"z":-0.17351031303405763,"w":0.7720479369163513},"size":18.865163803100587,"orthographic":false}