{"cameraMode":{"drawMode":0,"name":"Shaded","section":"Shading Mode"},"sceneLighting":true,"audioPlay":false,"sceneViewState":{"m_AlwaysRefresh":false,"showFog":true,"showSkybox":true,"showFlares":true,"showImageEffects":true,"showParticleSystems":true,"showVisualEffectGraphs":true,"m_FxEnabled":true},"in2DMode":false,"pivot":{"x":9.514920234680176,"y":11.409856796264649,"z":12.578117370605469},"rotation":{"x":0.39230236411094668,"y":0.11979072540998459,"z":-0.05161259323358536,"w":0.9105366468429565},"size":1.8339743614196778,"orthographic":false}